{"records":[ 
 {"id":"01","Description":"Compliment someone today. Even better, do it on IBM Connections","Points":"10","Status":"True"},
 {"id":"02","Description":"Compliment someone today. Even better, do it on IBM Connections","Points":"15","Status":"False"}, 
 {"id":"03","Description":"Compliment someone today. Even better, do it on IBM Connections","Points":"10","Status":"False"},
 {"id":"04","Description":"Compliment someone today. Even better, do it on IBM Connections","Points":"15","Status":"False"}
 ] } 